{
  "BadMoonRising": 0.0010000000474974513,
  "EclipseOn": true,
  "EclipseChance": 0.014999999664723873,
  "CropGrowthChance": 0.10000000149011612,
  "CropHaltChance": 0.014999999664723873,
  "BeachRemovalChance": 0.090000003576278687,
  "BeachSpawnChance": 0.34999999403953552,
  "GhostSpawnChance": 0.019999999552965164,
  "SuperMoonChances": 0.05000000074505806,
  "HarvestMoonDoubleGrowChance": 0.25,
  "UseMoreMonthlyCycle": true,
  "ShowMoonPhase": true,
  "SpawnMonsters": true,
  "HazardousMoonEvents": true,
  "Verbose": false
}